Mutation Made,Pose Score,dG Scores,Elec Score,dG Elec Scores,Interface Score,dG Interface,Num Hbonds,delta Hbonds,interface contacts,lost native interface contacts,new interface contacts,total change interface contacts,Interface SASA,delta Interface SASA,rmsd
A327G_117.pdb,-911.103791419,1.07649453132,-249.230109846,0.163582205719,-35.5821811971,0.130827747099,463.0,0.0,690.0,-21.0,19,-2.0,2464.9403941,18.6406283745,0.00669809477404
A327Q_526.pdb,-913.041857532,-0.86157158203,-251.768386749,-2.37469469751,-35.2008193655,0.512189578731,462.0,-1.0,697.0,-45.0,50,5.0,2494.25997077,47.9602050393,0.132818639278
A327S_662.pdb,-913.272785992,-1.09250004179,-251.158226618,-1.76453456641,-35.5398596653,0.17314927889,465.0,2.0,695.0,-26.0,29,3.0,2447.54849063,1.24872490216,0.0135685047135
A339T_295.pdb,-913.116085484,-0.935799533176,-249.770883517,-0.377191465591,-35.7248271913,-0.0118182471133,463.0,0.0,693.0,0.0,1,1.0,2451.03908708,4.73932135,0.00273856311105
A378Q_2.pdb,-913.102664108,-0.922378157524,-250.698540788,-1.30484873598,-35.715267619,-0.00225867477593,463.0,0.0,692.0,0.0,0,0.0,2446.90791601,0.608150281584,0.00313666579314
D265A_523.pdb,-907.561207947,4.61907800286,-246.073088651,3.32060340093,-32.9970710809,2.71593786335,460.0,-3.0,682.0,-40.0,30,-10.0,2445.46846153,-0.831304201233,0.00906770676374
D270A_324.pdb,-914.501648354,-2.32136240335,-248.472332231,0.921359821108,-35.7425689457,-0.0295600014981,463.0,0.0,690.0,-3.0,1,-2.0,2445.8867355,-0.413030228229,0.007896726951
D280A_929.pdb,-909.904625379,2.27566057107,-246.86697615,2.52671590185,-35.7518421734,-0.0388332291791,461.0,-2.0,692.0,-3.0,3,0.0,2459.85313943,13.5533736989,0.0317071825266
D376A_690.pdb,-911.754453833,0.425832117592,-248.105106184,1.2885858683,-35.7124597181,0.000549226137082,463.0,0.0,693.0,0.0,1,1.0,2448.02840963,1.72864390435,0.00320968241431
E233P_404.pdb,-912.344109613,-0.163823662326,-249.487388591,-0.0936965392094,-35.8315260921,-0.118517147891,461.0,-2.0,692.0,-16.0,16,0.0,2465.05998406,18.7602183349,0.136151626706
E258A_658.pdb,-911.972662952,0.207622997848,-248.531800156,0.861891895835,-35.7506174077,-0.0376084634818,462.0,-1.0,691.0,-2.0,1,-1.0,2449.75920999,3.45944425994,0.00865771900862
E269A_978.pdb,-911.725162317,0.455123633096,-248.894770122,0.498921929477,-35.5875165806,0.12549236365,463.0,0.0,686.0,-8.0,2,-6.0,2397.58995341,-48.7098123175,0.0052001029253
E272A_699.pdb,-909.991483448,2.18880250262,-246.995750258,2.39794179402,-35.7215599741,-0.00855102989044,463.0,0.0,693.0,0.0,1,1.0,2452.06612414,5.76635840908,0.00240602903068
E293A_63.pdb,-907.946638418,4.23364753191,-245.742103787,3.65158826438,-35.8699983558,-0.156989411592,460.0,-3.0,678.0,-15.0,1,-14.0,2431.75731782,-14.5424479075,0.00403975136578
E333A_880.pdb,-906.514818527,5.66546742363,-244.826812426,4.56687962547,-35.7277043199,-0.0146953757253,461.0,-2.0,692.0,-1.0,1,0.0,2448.73236685,2.43260112634,0.00403467938304
E430A_221.pdb,-907.77836543,4.40192052056,-243.449474945,5.94421710654,-35.7258061462,-0.0127972020216,461.0,-2.0,692.0,-1.0,1,0.0,2449.64360713,3.34384140731,0.00312750227749
G236A_S239D_I332E_202.pdb,-904.089582091,8.09070385938,-251.982523261,-2.58883120911,-33.7685094701,1.94449947416,461.0,-2.0,635.0,-157.0,100,-57.0,2400.78890146,-45.5108642662,0.2733528018
H268A_526.pdb,-913.991088731,-1.81080278025,-249.629830499,-0.236138447141,-35.697715089,0.0152938552365,463.0,0.0,691.0,-3.0,2,-1.0,2455.04830229,8.7485365673,0.00964908208698
H285A_426.pdb,-911.744909176,0.435376774512,-248.910031656,0.483660395655,-35.7222675873,-0.00925864306373,463.0,0.0,693.0,0.0,1,1.0,2451.55378079,5.2540150679,0.00227048783563
K290A_837.pdb,-910.888431886,1.29185406456,-249.803412126,-0.409720074458,-35.7161707068,-0.00316176264414,463.0,0.0,693.0,0.0,1,1.0,2444.09120282,-2.20856290653,0.00147496943828
K322A_399.pdb,-908.989387424,3.19089852659,-248.252743112,1.14094894029,-35.7436246875,-0.0306157433017,463.0,0.0,691.0,-2.0,1,-1.0,2446.8166159,0.516850169157,0.00600309949368
K326A_989.pdb,-911.519423998,0.6608619524,-248.26749801,1.12619404179,-35.7338008666,-0.020791922389,463.0,0.0,693.0,-4.0,5,1.0,2448.52311351,2.22334778455,0.00295293424278
K334A_485.pdb,-910.614147904,1.56613804635,-249.421521419,-0.02782936733,-35.7242292375,-0.0112202932867,463.0,0.0,693.0,0.0,1,1.0,2449.21698661,2.91722088197,0.0029324835632
K338A_701.pdb,-908.413827744,3.76645820635,-243.639339502,5.75435255032,-35.7232125849,-0.0102036407197,461.0,-2.0,693.0,0.0,1,1.0,2449.73941407,3.43964834772,0.00331721431576
K414A_351.pdb,-911.269962191,0.910323759557,-247.264357332,2.12933472029,-35.7234219404,-0.0104129962419,463.0,0.0,693.0,0.0,1,1.0,2450.52674374,4.22697800882,0.00287352409214
L309A_727.pdb,-911.620979212,0.559306738356,-249.258338782,0.135353270272,-35.7209276627,-0.00791871852516,463.0,0.0,693.0,0.0,1,1.0,2451.55378079,5.2540150679,0.00227383570746
N276A_141.pdb,-912.350409735,-0.17012378487,-248.466517107,0.927174944737,-35.7145774973,-0.00156855305181,462.0,-1.0,693.0,0.0,1,1.0,2447.42025935,1.12049362276,0.00140795565676
N286A_295.pdb,-909.43660437,2.7436815802,-248.974551553,0.419140499102,-35.721517683,-0.00850873876607,463.0,0.0,693.0,0.0,1,1.0,2451.55378079,5.2540150679,0.00226395064965
N315A_677.pdb,-912.089550398,0.0907355528302,-249.563993756,-0.170301704449,-35.7221327779,-0.00912383366472,463.0,0.0,693.0,0.0,1,1.0,2452.57846748,6.27870175026,0.00227042241022
P238A_764.pdb,-906.087116211,6.09316973962,-249.227112195,0.166579856455,-35.3413551795,0.371653764739,463.0,0.0,678.0,-26.0,12,-14.0,2454.20167798,7.90191225375,0.0156066678464
P329A_460.pdb,-910.171987454,2.00829849638,-249.909203748,-0.515511695947,-34.1393135284,1.57369541578,463.0,0.0,656.0,-111.0,75,-36.0,2442.74612023,-3.55364549744,0.121917277575
P331A_323.pdb,-909.117122384,3.06316356637,-249.248695318,0.144996734323,-35.7217859832,-0.00877703897049,463.0,0.0,693.0,0.0,1,1.0,2452.57846748,6.27870175026,0.00228692544624
Q295A_726.pdb,-907.337248948,4.84303700225,-247.762599104,1.63109294827,-35.4720255478,0.240983396431,459.0,-4.0,688.0,-6.0,2,-4.0,2455.32021683,9.02045110774,0.00309555022977
R255A_316.pdb,-907.697478292,4.48280765843,-245.691642381,3.70204967041,-35.7197774606,-0.00676851642902,459.0,-4.0,693.0,0.0,1,1.0,2450.9733541,4.67358837186,0.00184430845547
R292A_319.pdb,-913.338614682,-1.15832873159,-248.992285231,0.401406820705,-35.7158902038,-0.00288125957468,463.0,0.0,693.0,0.0,1,1.0,2446.90791601,0.608150281584,0.00149158225395
R301A_985.pdb,-908.276889661,3.90339628933,-247.25373661,2.13995544186,-35.4758715195,0.237137424708,461.0,-2.0,680.0,-13.0,1,-12.0,2441.45125658,-4.848509148,0.00235601956956
S239A_853.pdb,-911.657126952,0.523158998534,-248.405018496,0.988673555489,-34.1994473478,1.51356159643,462.0,-1.0,689.0,-11.0,8,-3.0,2446.19241634,-0.107349384525,0.00536892842501
S239D_A330L_I332E_165.pdb,-901.969590687,10.2106952636,-251.056162545,-1.66247049314,-34.9811077546,0.731901189638,464.0,1.0,696.0,-15.0,19,4.0,2495.45943084,49.1596651144,0.00482261925936
S267A_935.pdb,-908.913957277,3.26632867348,-247.792701556,1.60099049607,-34.2773895134,1.43561943083,460.0,-3.0,689.0,-25.0,22,-3.0,2454.83161773,8.53185200141,0.00322630722076
S298A_341.pdb,-911.829503276,0.350782674708,-248.702884694,0.690807357799,-35.7847178555,-0.0717089113332,461.0,-2.0,681.0,-36.0,25,-11.0,2446.76940668,0.469640952146,0.00402138382196
S337A_192.pdb,-911.613566357,0.566719593254,-248.649173344,0.744518708341,-35.7200565453,-0.00704760107237,463.0,0.0,693.0,0.0,1,1.0,2452.57846748,6.27870175026,0.00221825018525
T256A_890.pdb,-909.42790093,2.75238502015,-249.586797666,-0.193105614642,-35.7246049273,-0.0115959830862,463.0,0.0,693.0,0.0,1,1.0,2451.45797385,5.1582081275,0.00275567127392
T307A_951.pdb,-909.870581999,2.30970395088,-248.277159266,1.11653278617,-35.7203625859,-0.00735364167281,462.0,-1.0,693.0,0.0,1,1.0,2447.46835287,1.16858713993,0.00285479961894
V303A_707.pdb,-907.401703386,4.77858256441,-249.478696212,-0.0850041597643,-35.712811866,0.000197078167275,463.0,0.0,693.0,0.0,1,1.0,2446.29976573,0.0,0.00217422354035
Y296A_944.pdb,-913.172392793,-0.992106842546,-249.420883651,-0.0271915989453,-33.309270657,2.40373828716,463.0,0.0,641.0,-70.0,19,-51.0,2312.56713096,-133.732634771,0.00331265106797
Y296F_199.pdb,-912.017601606,0.162684344584,-249.272072389,0.121619662468,-36.0009161389,-0.287907194712,463.0,0.0,684.0,-70.0,62,-8.0,2453.54596942,7.2462036893,0.00751454709098
Y296K_347.pdb,-912.015618262,0.164667688643,-249.170659378,0.22303267356,-33.0323867215,2.68062222275,463.0,0.0,646.0,-68.0,22,-46.0,2377.87935288,-68.4204128507,0.0025432317052
Y296W_658.pdb,-912.410351031,-0.230065080921,-249.517229502,-0.123537450472,-36.0091461796,-0.296137235401,464.0,1.0,700.0,-69.0,77,8.0,2491.35827168,45.0585059521,0.00830849073827
Y349C_A+T366W_A+D356C_B+T366S_B+L368A_B+Y407V_B_834.pdb,-902.054144607,10.1261413434,-247.590769753,1.80292229882,-35.9254666974,-0.212457753165,460.0,-3.0,698.0,-8.0,14,6.0,2462.52008009,16.2203143661,0.172000303864
Y349C_A+T366W_A+L234Y_A+L235Y_A+G236W_A+S239M_A+H268D_A+S298A_A+A327D_A+D356C_B+T366S_B+L368A_B+Y407V_B+D270E_B+K326D_B+A330K_B+K334E_B_930.pdb,-899.590143121,12.5901428298,-245.935904474,3.45778757802,-31.5200859306,4.1929230136,458.0,-5.0,615.0,-257.0,180,-77.0,2490.99619731,44.696431581,0.586957514286
