,orig_AA,pose_num,pdb_num,pdb_chain,within_10A_of_Fc_glycan_res,within_10A_of_FcR_interface,native_E,mut_E,ddG,native_E_res,mut_E_res,ddG_res,native_interface_E,mut_interface_E,ddG_interface,dhbonds
0,P,2,230,A,False,False,-1061.07295446,-1063.04997816,-1.9770237041,2.07932300121,0.869563741404,-1.2097592598,-42.0768456801,-42.0787964848,-0.0019508047003,0
1,A,3,231,A,False,False,-1061.07295446,-1061.0784274,-0.00547294374269,1.22395393224,1.22269247825,-0.00126145398817,-42.0768456801,-42.0788210647,-0.00197538459224,0
2,P,4,232,A,False,False,-1061.07295446,-1059.39827238,1.67468208029,-0.320729239055,1.12594523111,1.44667447016,-42.0768456801,-42.0791900528,-0.00234437270547,0
3,E,5,233,A,True,True,-1061.07295446,-1061.03552587,0.0374285879623,0.129300209988,-0.0336421940548,-0.162942404043,-42.0768456801,-42.0773694975,-0.00052381744058,0
4,L,6,234,A,False,True,-1061.07295446,-1059.06120431,2.0117501493,-0.778312183322,0.210657643347,0.988969826669,-42.0768456801,-42.0839031981,-0.00705751805185,0
5,L,7,235,A,False,True,-1061.07295446,-1058.97214879,2.10080566987,-0.300651722934,0.863831253454,1.16448297639,-42.0768456801,-40.9829570097,1.09388867039,0
6,G,8,236,A,False,True,-1061.07295446,-1047.35217711,13.7207773493,-1.16651218257,6.16464582212,7.3311580047,-42.0768456801,-41.8137557851,0.263089894986,0
7,G,9,237,A,False,True,-1061.07295446,-1051.70398172,9.36897274305,-0.912613652675,6.2973620418,7.20997569447,-42.0768456801,-42.3325272318,-0.255681551725,0
8,P,10,238,A,False,True,-1061.07295446,-1057.42534972,3.64760473348,-3.61875351006,-0.921138630524,2.69761487954,-42.0768456801,-41.5459409759,0.530904704171,0
9,S,11,239,A,True,True,-1061.07295446,-1060.05570758,1.01724688249,-0.704484854262,-0.113545974928,0.590938879334,-42.0768456801,-39.99338995,2.08345573002,-1
10,V,12,240,A,False,False,-1061.07295446,-1057.13039154,3.94256291949,-3.14431142768,-0.604915846196,2.53939558149,-42.0768456801,-42.0772632466,-0.000417566544911,0
11,F,13,241,A,True,False,-1061.07295446,-1057.63944074,3.43351371578,-1.60299424623,-0.280719986187,1.32227426004,-42.0768456801,-42.0914574775,-0.0146117974259,0
12,L,14,242,A,False,False,-1061.07295446,-1056.65992257,4.41303189123,-2.26650452817,0.0571093045108,2.32361383268,-42.0768456801,-42.075193925,0.00165175503685,0
13,F,15,243,A,True,False,-1061.07295446,-1057.07541629,3.99753817284,-1.86305818647,-0.35799689369,1.50506129278,-42.0768456801,-42.0731566571,0.00368902292666,0
14,P,16,244,A,True,False,-1061.07295446,-1058.7058681,2.36708635643,-2.14222873441,-0.265259872814,1.87696886159,-42.0768456801,-42.071743908,0.00510177204671,0
15,P,17,245,A,True,False,-1061.07295446,-1056.51125561,4.5616988496,-3.82968107554,-0.897282031035,2.9323990445,-42.0768456801,-42.0712211021,0.00562457792262,0
16,K,18,246,A,True,False,-1061.07295446,-1060.82382938,0.249125081338,-0.194765679124,-0.192002154446,0.00276352467819,-42.0768456801,-42.0690320868,0.00781359324515,0
17,P,19,247,A,True,False,-1061.07295446,-1059.37224139,1.7007130645,-1.73802779416,-0.475196130031,1.26283166413,-42.0768456801,-42.0688794927,0.00796618735694,0
18,K,20,248,A,True,False,-1061.07295446,-1058.13861092,2.93434353534,-2.40748159243,-0.99615769802,1.41132389441,-42.0768456801,-42.0681089141,0.0087367659562,-1
19,D,21,249,A,True,False,-1061.07295446,-1058.28498094,2.78797351558,-3.48228859408,-1.87025697597,1.61203161812,-42.0768456801,-42.0684209453,0.00842473477655,-3
20,T,22,250,A,True,False,-1061.07295446,-1059.84725756,1.22569689962,-2.02036253713,-1.07110320337,0.949259333751,-42.0768456801,-42.0687842648,0.00806141521139,-1
21,L,23,251,A,False,False,-1061.07295446,-1057.64633027,3.42662418507,-2.94334621129,-1.209950115,1.73339609629,-42.0768456801,-42.0683926775,0.00845300252467,0
22,M,24,252,A,False,False,-1061.07295446,-1060.52399265,0.548961811021,-0.154770821214,-0.15979231286,-0.00502149164561,-42.0768456801,-42.0685734045,0.00827227560126,0
23,I,25,253,A,False,False,-1061.07295446,-1061.74872149,-0.675767035122,1.15180091931,-0.090055426743,-1.24185634605,-42.0768456801,-42.0684754208,0.00837025927422,0
24,S,26,254,A,False,False,-1061.07295446,-1060.91467245,0.15828201026,-0.455478574772,-0.0512187601681,0.404259814604,-42.0768456801,-42.0688393166,0.00800636349572,0
25,R,27,255,A,True,False,-1061.07295446,-1058.37836874,2.69458571334,-1.27988893823,-0.27906763102,1.00082130721,-42.0768456801,-42.0682733913,0.00857228878021,-2
26,T,28,256,A,True,False,-1061.07295446,-1059.25417764,1.81877681683,0.0286350548773,1.53936622687,1.510731172,-42.0768456801,-42.0707530247,0.00609265532626,0
27,P,29,257,A,True,False,-1061.07295446,-1057.91478823,3.15816623187,-3.57694986008,-1.76306424645,1.81388561363,-42.0768456801,-42.0718631466,0.00498253342721,0
28,E,30,258,A,True,False,-1061.07295446,-1061.49632401,-0.423369549906,-0.948010215003,-1.3516488007,-0.403638585702,-42.0768456801,-42.0738244898,0.00302119030425,0
29,V,31,259,A,True,False,-1061.07295446,-1060.17538265,0.897571806956,-2.12976065546,-1.16583623836,0.963924417104,-42.0768456801,-42.0929332508,-0.0160875706931,0
30,T,32,260,A,True,False,-1061.07295446,-1059.23643332,1.83652113497,-2.55185052962,-0.922430415284,1.62942011433,-42.0768456801,-42.0758718014,0.000973878616378,-1
31,V,34,262,A,True,False,-1061.07295446,-1057.95107741,3.12187704865,-2.97631306082,-0.878487501999,2.09782555883,-42.0768456801,-42.0764646306,0.00038104950022,0
32,V,35,263,A,False,False,-1061.07295446,-1056.98426821,4.08868624464,-3.4672825438,-0.817435542997,2.6498470008,-42.0768456801,-42.0776375563,-0.00079187619599,0
33,V,36,264,A,True,True,-1061.07295446,-1058.54407308,2.52888137882,-1.69054475097,-0.0712333905045,1.61931136046,-42.0768456801,-42.1417120816,-0.0648664015688,0
34,D,37,265,A,True,True,-1061.07295446,-1056.84560269,4.22735177054,-2.50131030933,0.500272121478,3.00158243081,-42.0768456801,-39.4334378443,2.64340783576,-2
35,V,38,266,A,False,True,-1061.07295446,-1057.59224061,3.48071384343,-2.73332985404,-0.616816622495,2.11651323155,-42.0768456801,-42.1012412758,-0.0243955957299,0
36,S,39,267,A,False,True,-1061.07295446,-1059.58199451,1.49095994867,-2.12898970999,-0.778508229503,1.35048148048,-42.0768456801,-42.1026366038,-0.0257909237407,-1
37,H,40,268,A,False,True,-1061.07295446,-1061.9334348,-0.860480339141,1.62631770446,-0.233947901504,-1.86026560597,-42.0768456801,-42.0359731285,0.040872551559,-1
38,E,41,269,A,False,True,-1061.07295446,-1058.87503583,2.19791862645,-0.274647844568,0.340950159167,0.615598003735,-42.0768456801,-39.5932474855,2.48359819459,-1
39,D,42,270,A,False,True,-1061.07295446,-1062.06590266,-0.992948197756,0.433830789877,-0.527271492557,-0.961102282433,-42.0768456801,-42.0231934123,0.0536522678049,0
40,P,43,271,A,False,False,-1061.07295446,-1059.58730947,1.48564499049,-1.52275207176,-0.567708166631,0.955043905133,-42.0768456801,-42.0782864145,-0.00144073439606,0
41,E,44,272,A,False,False,-1061.07295446,-1059.98305885,1.08989560673,-0.0651016031009,0.758259349261,0.823360952362,-42.0768456801,-42.0786275255,-0.00178184539891,0
42,V,45,273,A,False,False,-1061.07295446,-1056.64112141,4.43183304671,-2.64066777113,0.219194079948,2.85986185107,-42.0768456801,-42.0788576118,-0.00201193171665,0
43,K,46,274,A,False,False,-1061.07295446,-1060.55755571,0.515398750835,-0.908796658624,-0.555217421534,0.35357923709,-42.0768456801,-42.0793961982,-0.0025505180929,0
44,F,47,275,A,False,False,-1061.07295446,-1055.35003472,5.72291974071,-1.33200134325,1.16894606898,2.50094741223,-42.0768456801,-42.0802342487,-0.00338856865301,0
45,N,48,276,A,False,False,-1061.07295446,-1060.89149132,0.181463135412,-0.615819462388,-0.254222117536,0.361597344852,-42.0768456801,-42.0798535691,-0.00300788906111,0
46,W,49,277,A,False,False,-1061.07295446,-1052.90123986,8.17171459522,-4.22825703304,-0.974796157116,3.25346087592,-42.0768456801,-42.0798216355,-0.00297595541838,-1
47,Y,50,278,A,False,False,-1061.07295446,-1056.82330292,4.24965154064,-2.85796348211,-0.729086671962,2.12887681015,-42.0768456801,-42.0796796582,-0.00283397812723,0
48,V,51,279,A,False,False,-1061.07295446,-1058.04305777,3.02989668531,-1.38668379214,0.718333057802,2.10501684994,-42.0768456801,-42.0797302258,-0.00288454577526,0
49,D,52,280,A,False,False,-1061.07295446,-1058.36222293,2.71073152753,-1.35108997068,0.627771968201,1.97886193888,-42.0768456801,-42.078967429,-0.00212174896114,-1
50,G,53,281,A,False,False,-1061.07295446,-1047.70679473,13.3661597252,-1.41682248715,7.69938739204,9.11620987919,-42.0768456801,-42.0790189319,-0.00217325188578,0
51,V,54,282,A,False,False,-1061.07295446,-1059.92025136,1.15270309313,-1.05188591991,-0.205800487975,0.846085431934,-42.0768456801,-42.0791648832,-0.00231920316401,0
52,E,55,283,A,False,False,-1061.07295446,-1059.75220421,1.32075024876,-1.35130342967,-0.569970357438,0.781333072232,-42.0768456801,-42.0791155339,-0.00226985388531,0
53,V,56,284,A,False,False,-1061.07295446,-1058.62495832,2.44799613335,-1.56050195324,-0.225571661587,1.33493029166,-42.0768456801,-42.0794676196,-0.00262193951357,0
54,H,57,285,A,False,False,-1061.07295446,-1061.272795,-0.199840537582,2.33826319612,1.6445959047,-0.693667291415,-42.0768456801,-42.0795012822,-0.00265560217417,0
55,N,58,286,A,False,False,-1061.07295446,-1058.86447694,2.20847752217,-0.217611249526,1.8129408461,2.03055209563,-42.0768456801,-42.0797998381,-0.00295415804749,0
56,A,59,287,A,False,False,-1061.07295446,-1061.1183203,-0.0453658452641,0.0221946776873,0.0180339226271,-0.00416075506025,-42.0768456801,-42.0798335129,-0.00298783280437,0
57,K,60,288,A,False,False,-1061.07295446,-1060.01308541,1.05986905161,-0.353195777999,0.626855808785,0.980051586784,-42.0768456801,-42.0787682284,-0.00192254830745,0
58,T,61,289,A,False,False,-1061.07295446,-1059.49665749,1.57629697202,-0.861366840988,0.543992458751,1.40535929974,-42.0768456801,-42.0789752634,-0.00212958333123,0
59,K,62,290,A,False,False,-1061.07295446,-1060.25087937,0.822075091223,-0.937278806482,-0.386462626107,0.550816180375,-42.0768456801,-42.0779029626,-0.00105728258563,0
60,P,63,291,A,False,False,-1061.07295446,-1059.358426,1.71452845347,-1.3595882862,0.191961861259,1.55155014746,-42.0768456801,-42.0778424102,-0.000996730105271,0
61,R,64,292,A,False,False,-1061.07295446,-1061.52794134,-0.454986881745,0.379439138002,-0.896126944306,-1.27556608231,-42.0768456801,-42.0777735339,-0.000927853845042,0
62,E,65,293,A,False,False,-1061.07295446,-1060.15392639,0.919028071604,-0.505915754559,-0.168880221836,0.337035532723,-42.0768456801,-42.3045057098,-0.227660029781,-1
63,E,66,294,A,False,True,-1061.07295446,-1060.43593792,0.637016541905,-0.839257129691,-0.382278126375,0.456979003316,-42.0768456801,-42.0764989438,0.000346736225993,0
64,Q,67,295,A,True,True,-1061.07295446,-1058.71242607,2.36052838903,-2.06286533816,-0.020873748499,2.04199158967,-42.0768456801,-42.1653497276,-0.0885040475247,-2
65,Y,68,296,A,True,True,-1061.07295446,-1059.80262264,1.27033181378,0.33853084827,-0.138244404372,-0.476775252642,-42.0768456801,-38.7329958697,3.34384981037,0
66,S,70,298,A,False,True,-1061.07295446,-1060.1213572,0.951597259329,2.30119497135,2.81118170776,0.509986736402,-42.0768456801,-42.4723713804,-0.395525700305,-1
67,T,71,299,A,True,True,-1061.07295446,-1058.25461621,2.81833824495,-2.99824380904,-1.02056282027,1.97768098876,-42.0768456801,-40.9415685008,1.1352771793,-1
68,Y,72,300,A,False,True,-1061.07295446,-1055.09486972,5.97808473323,-3.36751790014,-1.07040933582,2.29710856431,-42.0768456801,-41.9837897222,0.0930559579001,-1
69,R,73,301,A,True,False,-1061.07295446,-1058.80343288,2.26952157458,-0.954106349105,-0.0551661430072,0.898940206097,-42.0768456801,-41.8664571499,0.210388530149,-1
70,V,74,302,A,False,False,-1061.07295446,-1058.41115692,2.66179753492,-2.32444503445,-0.481875895125,1.84256913932,-42.0768456801,-42.0784954633,-0.0016497832562,0
71,V,75,303,A,False,False,-1061.07295446,-1058.14193306,2.93102140287,-2.33093894678,-0.392236361864,1.93870258492,-42.0768456801,-42.0782616122,-0.0014159321554,0
72,S,76,304,A,False,False,-1061.07295446,-1060.33316165,0.739792805874,-1.84239841575,-1.35739179277,0.485006622975,-42.0768456801,-42.0782700593,-0.00142437926252,-1
73,V,77,305,A,True,False,-1061.07295446,-1059.53948691,1.53346754332,-1.97981186025,-0.510169723239,1.46964213701,-42.0768456801,-42.0767209135,0.000124766517047,0
74,L,78,306,A,False,False,-1061.07295446,-1057.35955623,3.71339822842,-2.89896865682,-0.881348189844,2.01762046698,-42.0768456801,-42.0769996915,-0.000154011435598,0
75,T,79,307,A,False,False,-1061.07295446,-1060.35340177,0.719552690157,-0.687466180617,-0.180976894665,0.506489285952,-42.0768456801,-42.0766992752,0.000146404890756,0
76,V,80,308,A,True,False,-1061.07295446,-1058.3302262,2.74272826172,-1.39452464392,0.429354306167,1.82387895008,-42.0768456801,-42.0747684116,0.00207726842109,0
77,L,81,309,A,False,False,-1061.07295446,-1060.66488611,0.408068349625,-0.364245469893,-0.463639205303,-0.0993937354102,-42.0768456801,-42.0766908653,0.000154814803636,0
78,H,82,310,A,False,False,-1061.07295446,-1060.35046881,0.722485649839,0.758081239354,-0.54010666995,-1.2981879093,-42.0768456801,-42.0745999897,0.0022456903821,-2
79,Q,83,311,A,False,False,-1061.07295446,-1061.13415057,-0.0611961146119,-0.539556807004,-0.647315635249,-0.107758828246,-42.0768456801,-42.0773468099,-0.00050112985241,0
80,D,84,312,A,False,False,-1061.07295446,-1059.11580903,1.95714542366,-2.38476315207,-0.956900650633,1.42786250143,-42.0768456801,-42.0777227283,-0.000877048217262,-1
81,W,85,313,A,False,False,-1061.07295446,-1055.9005465,5.17240796001,-2.23841539573,-1.04615299172,1.19226240401,-42.0768456801,-42.0774757739,-0.00063009388964,0
82,L,86,314,A,False,False,-1061.07295446,-1059.88365371,1.18930074497,-1.1513988817,-0.709905051968,0.441493829734,-42.0768456801,-42.0775944739,-0.00074879382646,0
83,N,87,315,A,False,False,-1061.07295446,-1060.37146021,0.701494248799,-0.68211473423,0.00361711018829,0.685731844419,-42.0768456801,-42.0783003669,-0.00145468686787,0
84,G,88,316,A,False,False,-1061.07295446,-1055.26495042,5.80800403861,-1.53280829365,3.36209044807,4.89489874172,-42.0768456801,-42.0775670209,-0.000721340827113,0
85,K,89,317,A,False,False,-1061.07295446,-1059.24152478,1.8314296775,-1.53865600861,-0.828604952178,0.710051056429,-42.0768456801,-42.0789767731,-0.00213109308879,-1
86,E,90,318,A,False,False,-1061.07295446,-1061.00264471,0.0703097506073,-1.32907438651,-1.29287588157,0.0361985049461,-42.0768456801,-42.0785388338,-0.00169315369726,0
87,Y,91,319,A,False,False,-1061.07295446,-1056.31746036,4.75549409983,-2.41505205706,-0.428250102031,1.98680195502,-42.0768456801,-42.0772781702,-0.000432490188814,0
88,K,92,320,A,False,False,-1061.07295446,-1057.69370414,3.37925031761,-1.94210465461,-0.630283190094,1.31182146451,-42.0768456801,-42.0791954489,-0.00234976883462,-1
89,K,94,322,A,False,False,-1061.07295446,-1058.83140277,2.24155169246,-1.82695561072,-0.384138315164,1.44281729555,-42.0768456801,-42.0790893082,-0.00224362818267,0
90,V,95,323,A,False,False,-1061.07295446,-1057.21943553,3.85351893118,-3.00753312355,-0.455727409248,2.5518057143,-42.0768456801,-42.0779889571,-0.00114327699839,0
91,S,96,324,A,False,False,-1061.07295446,-1060.83828448,0.234669979425,-1.01472309221,-0.72201483209,0.292708260125,-42.0768456801,-42.0778481721,-0.00100249207458,0
92,N,97,325,A,False,True,-1061.07295446,-1059.80042201,1.27253244968,-0.803088633475,-0.737038451593,0.0660501818819,-42.0768456801,-41.9161886523,0.160657027728,-2
93,K,98,326,A,False,False,-1061.07295446,-1060.62421501,0.448739443376,-0.0269312902608,0.235346980433,0.262278270694,-42.0768456801,-42.0776575494,-0.000811869333802,0
94,A,99,327,A,False,True,-1061.07295446,-1061.07957427,-0.00661980908808,-1.10981881593,-1.11122346757,-0.00140465163935,-42.0768456801,-42.080643597,-0.00379791690875,0
95,L,100,328,A,False,True,-1061.07295446,-1056.66270956,4.41024490008,-1.83276401946,0.331343167919,2.16410718738,-42.0768456801,-42.0810828503,-0.00423717024478,0
96,P,101,329,A,False,False,-1061.07295446,-1059.17766879,1.89528566942,-0.848340972586,0.124544047539,0.972885020125,-42.0768456801,-42.0781440322,-0.00129835216694,0
97,A,102,330,A,False,False,-1061.07295446,-1061.07573685,-0.0027823922162,0.303753098562,0.303150250196,-0.000602848365499,-42.0768456801,-42.07694731,-0.000101629930441,0
98,P,103,331,A,False,False,-1061.07295446,-1059.10294956,1.97000489635,-2.25618984837,-0.463064630224,1.79312521815,-42.0768456801,-42.0770048216,-0.000159141584163,0
99,I,104,332,A,False,False,-1061.07295446,-1057.50766247,3.56529199303,-2.28516268805,-0.201413470896,2.08374921715,-42.0768456801,-42.0771701101,-0.00032443004784,0
100,E,105,333,A,False,False,-1061.07295446,-1057.68791175,3.38504270443,-1.28161253236,0.678726672751,1.96033920511,-42.0768456801,-42.0772793127,-0.000433632638078,-1
101,K,106,334,A,False,False,-1061.07295446,-1059.78823515,1.28471930804,-1.34692018239,-0.741744141892,0.605176040494,-42.0768456801,-42.0770610406,-0.000215360507809,0
102,T,107,335,A,False,False,-1061.07295446,-1059.95846256,1.11449189983,-0.280914134496,0.705806764847,0.986720899343,-42.0768456801,-42.0768133078,3.23722736084e-05,0
103,I,108,336,A,False,False,-1061.07295446,-1056.44962326,4.62333119954,-2.76707598904,-0.329425488049,2.43765050099,-42.0768456801,-42.0750757479,0.0017699321636,0
104,S,109,337,A,False,False,-1061.07295446,-1060.65167172,0.421282734375,-1.00956763487,-0.46658458716,0.542983047713,-42.0768456801,-42.0777049489,-0.000859268800468,0
105,K,110,338,A,False,False,-1061.07295446,-1058.93504963,2.13790482943,-0.509761894999,-0.881133751131,-0.371371856132,-42.0768456801,-42.0776033577,-0.000757677654974,-1
106,A,111,339,A,False,False,-1061.07295446,-1061.07546467,-0.0025102123368,-0.172061110553,-0.172778794251,-0.00071768369708,-42.0768456801,-42.0768456801,2.27373675443e-13,0
107,K,112,340,A,False,False,-1061.07295446,-1060.06438035,1.00857410877,-0.659384737503,0.170687727069,0.830072464572,-42.0768456801,-42.0768456801,-2.27373675443e-13,0
108,G,113,341,A,False,False,-1061.07295446,-1039.1700228,21.902931659,-0.948643695258,8.6415469824,9.59019067766,-42.0768456801,-42.0768456801,-1.93267624127e-12,-1
109,Q,114,342,A,False,False,-1061.07295446,-1059.03035872,2.04259573947,-0.110060684356,1.01147438234,1.12153506669,-42.0768456801,-42.0768456801,-1.13686837722e-12,-1
110,P,115,343,A,False,False,-1061.07295446,-1059.99454982,1.07840463606,-2.30451317558,-1.23986991939,1.06464325618,-42.0768456801,-42.0768456801,-2.04636307899e-12,0
111,R,116,344,A,False,False,-1061.07295446,-1059.64060081,1.43235364928,-1.13820682491,-0.487197682193,0.651009142712,-42.0768456801,-42.0768456801,-2.27373675443e-13,-1
112,E,117,345,A,False,False,-1061.07295446,-1059.8942395,1.17871495681,-0.811945031748,0.00151454381601,0.813459575564,-42.0768456801,-42.0768456801,-6.8212102633e-13,0
113,P,118,346,A,False,False,-1061.07295446,-1056.02634672,5.04660773808,-4.05724025411,-1.06891991168,2.98832034243,-42.0768456801,-42.0768456801,-2.27373675443e-13,0
114,Q,119,347,A,False,False,-1061.07295446,-1059.95876966,1.11418480192,-1.15989647282,-0.616826240071,0.543070232747,-42.0768456801,-42.0768456801,-2.27373675443e-13,-1
115,V,120,348,A,False,False,-1061.07295446,-1057.30616457,3.76678988642,-2.75432542037,-0.313379776285,2.44094564408,-42.0768456801,-42.0768456801,4.54747350886e-13,0
116,Y,121,349,A,False,False,-1061.07295446,-1056.33088082,4.74207363481,-2.61813881708,-0.552938464312,2.06520035277,-42.0768456801,-42.0768456801,-2.27373675443e-13,0
117,T,122,350,A,False,False,-1061.07295446,-1059.14351766,1.92943679488,-1.56233605458,-0.435751773733,1.12658428084,-42.0768456801,-42.0768456801,-2.27373675443e-13,-1
118,L,123,351,A,False,False,-1061.07295446,-1058.46329611,2.60965834334,-1.58993517298,-0.297485926634,1.29244924635,-42.0768456801,-42.0768456801,-6.8212102633e-13,0
119,P,124,352,A,False,False,-1061.07295446,-1058.37180067,2.70115379263,-2.28748484814,-0.166626716062,2.12085813207,-42.0768456801,-42.0768456801,-2.27373675443e-12,0
120,P,125,353,A,False,False,-1061.07295446,-1056.38594414,4.68701032202,-3.78402136032,-0.626405831914,3.15761552841,-42.0768456801,-42.0768456801,-9.09494701773e-13,0
121,S,126,354,A,False,False,-1061.07295446,-1061.23398149,-0.161027031435,-0.636769238676,-0.787872302204,-0.151103063528,-42.0768456801,-42.0768456801,-1.81898940355e-12,0
122,R,127,355,A,False,False,-1061.07295446,-1059.18652006,1.88643440303,-0.302471034871,0.116574256896,0.419045291766,-42.0768456801,-42.0768456801,-1.5916157281e-12,-2
123,D,128,356,A,False,False,-1061.07295446,-1057.84725486,3.2256996016,-3.57595566537,-0.712834484051,2.86312118131,-42.0768456801,-42.0768456801,-4.54747350886e-13,-3
124,E,129,357,A,False,False,-1061.07295446,-1059.32704745,1.74590700831,-0.718983646582,-0.898205979711,-0.179222333129,-42.0768456801,-42.0768456801,6.8212102633e-13,-1
125,L,130,358,A,False,False,-1061.07295446,-1059.65536677,1.41758768364,-0.521026166592,0.0779645602039,0.598990726796,-42.0768456801,-42.0768456801,6.8212102633e-13,0
126,T,131,359,A,False,False,-1061.07295446,-1060.32577452,0.747179941439,-0.0353681938814,0.535636690847,0.571004884728,-42.0768456801,-42.0768456801,2.27373675443e-13,-1
127,K,132,360,A,False,False,-1061.07295446,-1060.40427967,0.668674786289,-0.13566008123,0.287470219985,0.423130301216,-42.0768456801,-42.0768456801,-1.13686837722e-12,0
128,N,133,361,A,False,False,-1061.07295446,-1060.73727071,0.335683749515,-0.550207089327,-0.218927869501,0.331279219825,-42.0768456801,-42.0768456801,-1.5916157281e-12,0
129,Q,134,362,A,False,False,-1061.07295446,-1058.72810919,2.34484527035,-0.949820759313,0.420674244723,1.37049500404,-42.0768456801,-42.0768456801,0.0,-1
130,V,135,363,A,False,False,-1061.07295446,-1057.15847399,3.914480473,-2.79465195373,-0.551727776335,2.24292417739,-42.0768456801,-42.0768456801,-6.8212102633e-13,0
131,S,136,364,A,False,False,-1061.07295446,-1059.6155192,1.45743525866,-0.529058247293,0.245508035626,0.774566282919,-42.0768456801,-42.0768456801,-1.13686837722e-12,-1
132,L,137,365,A,False,False,-1061.07295446,-1056.82933513,4.2436193309,-1.69612817271,-0.266303258116,1.4298249146,-42.0768456801,-42.0768456801,4.54747350886e-13,0
133,T,138,366,A,False,False,-1061.07295446,-1057.79615678,3.2767976743,-2.75735897535,-0.544557525757,2.21280144959,-42.0768456801,-42.0768456801,2.27373675443e-13,-1
134,L,140,368,A,False,False,-1061.07295446,-1058.01328368,3.05967078212,-1.97857019649,-0.595335990388,1.3832342061,-42.0768456801,-42.0768456801,2.27373675443e-13,0
135,V,141,369,A,False,False,-1061.07295446,-1056.64749246,4.42546199877,-2.81273683346,0.0327621903359,2.8454990238,-42.0768456801,-42.0768456801,-2.27373675443e-13,0
136,K,142,370,A,False,False,-1061.07295446,-1060.63005359,0.442900867104,-0.687559535897,-1.3121561142,-0.6245965783,-42.0768456801,-42.0768456801,-4.54747350886e-13,-2
137,G,143,371,A,False,False,-1061.07295446,-1053.24267954,7.83027492186,-1.89272686274,3.90026551385,5.79299237659,-42.0768456801,-42.0768456801,-4.54747350886e-13,0
138,F,144,372,A,False,False,-1061.07295446,-1052.40336461,8.66958984571,-4.94581460676,-1.50480412998,3.44101047678,-42.0768456801,-42.0768456801,-2.27373675443e-13,0
139,Y,145,373,A,False,False,-1061.07295446,-1056.6401906,4.43276385931,-2.62878568845,-0.891321818445,1.73746387001,-42.0768456801,-42.0768456801,4.54747350886e-13,-1
140,P,146,374,A,False,False,-1061.07295446,-1057.88848775,3.18446670638,-3.01857919626,-0.567638100539,2.45094109572,-42.0768456801,-42.0768456801,-2.04636307899e-12,0
141,S,147,375,A,False,False,-1061.07295446,-1060.86887503,0.20407942874,-2.06214372236,-1.61737030184,0.444773420525,-42.0768456801,-42.0768456801,-6.8212102633e-13,0
142,D,148,376,A,False,False,-1061.07295446,-1060.85432971,0.218624752891,0.1206926536,0.345507417781,0.224814764181,-42.0768456801,-42.0740768645,0.0027688155169,0
143,I,149,377,A,False,False,-1061.07295446,-1057.01173079,4.06122367129,-2.14729768675,-0.774209970047,1.3730877167,-42.0768456801,-42.0751151996,0.00173048042188,0
144,A,150,378,A,False,False,-1061.07295446,-1061.09907787,-0.0261234099564,-0.391891438198,-0.400571125338,-0.00867968713948,-42.0768456801,-42.0687005689,0.00814511117801,0
145,V,151,379,A,False,False,-1061.07295446,-1056.7817434,4.29121106131,-2.18841771774,0.556398985332,2.74481670307,-42.0768456801,-42.0768456801,4.54747350886e-13,0
146,E,152,380,A,False,False,-1061.07295446,-1058.54332873,2.52962572566,-2.04515458284,-0.741214449832,1.30394013301,-42.0768456801,-42.0768456801,-4.54747350886e-13,-1
147,W,153,381,A,False,False,-1061.07295446,-1051.71921165,9.35374280878,-4.8977211303,-0.96260582197,3.93511530833,-42.0768456801,-42.0768456801,-1.13686837722e-12,-1
148,E,154,382,A,False,False,-1061.07295446,-1060.88305247,0.189901988397,-0.592834423272,-0.331581343558,0.261253079714,-42.0768456801,-42.0768456801,-2.04636307899e-12,0
149,S,155,383,A,False,False,-1061.07295446,-1060.46122393,0.611730528955,-0.71621267019,-0.515030008302,0.201182661889,-42.0768456801,-42.0768456801,-4.54747350886e-13,-1
150,N,156,384,A,False,False,-1061.07295446,-1059.21447387,1.85848059005,-0.642177329897,1.09691727838,1.73909460827,-42.0768456801,-42.0768456801,-1.81898940355e-12,0
151,G,157,385,A,False,False,-1061.07295446,-1050.70034234,10.3726121217,-1.23424580881,6.0269394155,7.26118522432,-42.0768456801,-42.0768456801,2.27373675443e-13,0
152,Q,158,386,A,False,False,-1061.07295446,-1060.45790971,0.615044750711,0.285615587478,0.713403137277,0.4277875498,-42.0768456801,-42.0768456801,-1.36424205266e-12,0
153,P,159,387,A,False,False,-1061.07295446,-1059.23293892,1.84001554245,-1.2248715885,0.419617183236,1.64448877174,-42.0768456801,-42.0768456801,-6.8212102633e-13,0
154,E,160,388,A,False,False,-1061.07295446,-1056.03282636,5.04012810124,-3.86054032824,-1.23899772553,2.6215426027,-42.0768456801,-42.0768456801,-2.27373675443e-13,-2
155,N,161,389,A,False,False,-1061.07295446,-1059.70454677,1.36840769298,-0.380693858967,0.930316046536,1.3110099055,-42.0768456801,-42.0768456801,2.27373675443e-13,0
156,N,162,390,A,False,False,-1061.07295446,-1058.24750684,2.82544761637,-1.10175662532,1.27684558399,2.37860220932,-42.0768456801,-42.0768456801,-1.5916157281e-12,-1
157,Y,163,391,A,False,False,-1061.07295446,-1057.03530417,4.0376502838,-2.06318045412,-0.290249702639,1.77293075148,-42.0768456801,-42.0768456801,2.27373675443e-13,0
158,K,164,392,A,False,False,-1061.07295446,-1060.15330504,0.919649413824,-0.602538896545,-0.251535974335,0.35100292221,-42.0768456801,-42.0768456801,-1.13686837722e-12,0
159,T,165,393,A,False,False,-1061.07295446,-1057.57266895,3.50028550513,-1.77210421507,0.565600725757,2.33770494083,-42.0768456801,-42.0768456801,2.27373675443e-13,-1
160,T,166,394,A,False,False,-1061.07295446,-1059.46408705,1.60886740828,-2.10234806686,-1.01024363898,1.09210442788,-42.0768456801,-42.0768456801,-1.13686837722e-12,-1
161,P,167,395,A,False,False,-1061.07295446,-1058.56566582,2.5072886386,-2.05445289374,-0.134014074649,1.92043881909,-42.0768456801,-42.0768456801,-1.36424205266e-12,0
162,P,168,396,A,False,False,-1061.07295446,-1058.06613301,3.00682144402,-3.62065814016,-1.41519962813,2.20545851202,-42.0768456801,-42.0768456801,-1.81898940355e-12,0
163,V,169,397,A,False,False,-1061.07295446,-1057.89392838,3.17902607948,-2.96614856649,-0.87777787701,2.08837068948,-42.0768456801,-42.0768456801,0.0,0
164,L,170,398,A,False,False,-1061.07295446,-1059.27283684,1.80011761737,-1.46055371496,-0.584880561532,0.875673153433,-42.0768456801,-42.0768456801,-1.13686837722e-12,0
165,D,171,399,A,False,False,-1061.07295446,-1058.58004367,2.49291079242,-0.473010756809,0.596186117685,1.06919687449,-42.0768456801,-42.0768456801,-9.09494701773e-13,-2
166,S,172,400,A,False,False,-1061.07295446,-1060.52555653,0.547397927246,-0.598767776349,-0.0543201101731,0.544447666176,-42.0768456801,-42.0768456801,-9.09494701773e-13,0
167,D,173,401,A,False,False,-1061.07295446,-1057.35484912,3.71810534163,-2.3043382674,0.101672869656,2.40601113706,-42.0768456801,-42.0768456801,1.5916157281e-12,-2
168,G,174,402,A,False,False,-1061.07295446,-1049.91909016,11.1538643014,-1.53822126615,6.31412792507,7.85234919122,-42.0768456801,-42.0768456801,-2.27373675443e-13,0
169,S,175,403,A,False,False,-1061.07295446,-1059.20015167,1.87280278662,-2.5754593442,-1.00802040316,1.56743894104,-42.0768456801,-42.0768456801,-9.09494701773e-13,-1
170,F,176,404,A,False,False,-1061.07295446,-1055.20071064,5.87224382129,-4.63311596286,-2.06567522118,2.56744074168,-42.0768456801,-42.0768456801,2.27373675443e-13,0
171,F,177,405,A,False,False,-1061.07295446,-1055.80838115,5.26457331046,-3.42131040832,-1.36864000616,2.05267040216,-42.0768456801,-42.0768456801,-6.8212102633e-13,0
172,L,178,406,A,False,False,-1061.07295446,-1058.29650689,2.77644756802,-2.02390841784,-1.46911141841,0.55479699943,-42.0768456801,-42.0768456801,9.09494701773e-13,0
173,Y,179,407,A,False,False,-1061.07295446,-1054.20183889,6.87111556805,-4.10630253655,-0.957397916281,3.14890462027,-42.0768456801,-42.0768456801,-6.8212102633e-13,-1
174,S,180,408,A,False,False,-1061.07295446,-1059.02208084,2.05087362205,-1.96758943192,-0.822684898623,1.1449045333,-42.0768456801,-42.0768456801,-1.5916157281e-12,-2
175,K,181,409,A,False,False,-1061.07295446,-1058.67559993,2.39735453027,-0.607916711155,-0.13176642317,0.476150287985,-42.0768456801,-42.0768456801,9.09494701773e-13,-1
176,L,182,410,A,False,False,-1061.07295446,-1055.69970863,5.37324583008,-3.82370578342,-0.929204383291,2.89450140013,-42.0768456801,-42.0768456801,-1.13686837722e-12,0
177,T,183,411,A,False,False,-1061.07295446,-1060.59543645,0.477518005179,-0.10028977686,0.712855990584,0.813145767444,-42.0768456801,-42.0768456801,-2.27373675443e-13,0
178,V,184,412,A,False,False,-1061.07295446,-1058.67405762,2.39889684039,-1.99092784915,-0.525690696355,1.4652371528,-42.0768456801,-42.0768456801,6.8212102633e-13,0
179,D,185,413,A,False,False,-1061.07295446,-1059.89201323,1.1809412319,-2.05271668321,-1.3578308439,0.694885839308,-42.0768456801,-42.0768456801,-1.5916157281e-12,-1
180,K,186,414,A,False,False,-1061.07295446,-1060.55974385,0.513210604133,-0.978012340828,-1.30547458028,-0.327462239456,-42.0768456801,-42.0768456801,-1.13686837722e-12,0
181,S,187,415,A,False,False,-1061.07295446,-1061.73144241,-0.658487951529,0.176978199557,-0.314401436649,-0.491379636206,-42.0768456801,-42.0768456801,-1.81898940355e-12,0
182,R,188,416,A,False,False,-1061.07295446,-1058.05152172,3.02143273648,-2.10674859657,-1.21002701853,0.896721578047,-42.0768456801,-42.0768456801,2.27373675443e-13,-2
183,W,189,417,A,False,False,-1061.07295446,-1055.18570169,5.88725277274,-2.49263960145,-0.861643567328,1.63099603412,-42.0768456801,-42.0768456801,-6.8212102633e-13,0
184,Q,190,418,A,False,False,-1061.07295446,-1060.83510966,0.237844797076,-0.802504385221,-0.73957659544,0.0629277897811,-42.0768456801,-42.0768456801,0.0,0
185,Q,191,419,A,False,False,-1061.07295446,-1061.34730313,-0.274348672489,-0.045695255067,-0.372650054409,-0.326954799342,-42.0768456801,-42.0768456801,-1.5916157281e-12,0
186,G,192,420,A,False,False,-1061.07295446,-1055.44392902,5.6290254358,-1.44589887771,2.99552521068,4.44142408839,-42.0768456801,-42.0768456801,-1.13686837722e-12,0
187,N,193,421,A,False,False,-1061.07295446,-1061.51745738,-0.444502923636,-0.318410396862,-0.670370636086,-0.351960239223,-42.0768456801,-42.0768456801,-1.5916157281e-12,0
188,V,194,422,A,False,False,-1061.07295446,-1059.55924993,1.51370453224,-0.87367561954,0.238614147521,1.11228976706,-42.0768456801,-42.0768456801,-1.13686837722e-12,0
189,F,195,423,A,False,False,-1061.07295446,-1056.04603755,5.02691690954,-2.95414477345,-0.792122817268,2.16202195619,-42.0768456801,-42.0768456801,-1.13686837722e-12,0
190,S,196,424,A,False,False,-1061.07295446,-1060.06254494,1.01040952254,-1.78318405292,-0.977288065045,0.805895987875,-42.0768456801,-42.0768456801,-1.81898940355e-12,-1
191,S,198,426,A,False,False,-1061.07295446,-1061.52969602,-0.456741559084,-0.64697720661,-0.90313385671,-0.2561566501,-42.0768456801,-42.0768456801,-2.04636307899e-12,-1
192,V,199,427,A,False,False,-1061.07295446,-1056.76131927,4.31163519002,-3.7495946149,-1.15933682758,2.59025778732,-42.0768456801,-42.0768456801,4.54747350886e-13,0
193,M,200,428,A,False,False,-1061.07295446,-1059.78624535,1.28670911292,-1.70432805172,-1.16183541842,0.5424926333,-42.0768456801,-42.0727794212,0.00406625890855,0
194,H,201,429,A,False,False,-1061.07295446,-1053.98795413,7.08500032841,-4.55275696511,-1.56039658922,2.99236037589,-42.0768456801,-42.0720344582,0.00481122182896,-2
195,E,202,430,A,False,False,-1061.07295446,-1057.7524117,3.32054275596,-2.14672257072,-0.435869520913,1.71085304981,-42.0768456801,-42.0721752273,0.0046704527972,-1
196,A,203,431,A,False,False,-1061.07295446,-1061.07291961,3.48481537458e-05,-1.91132800824,-1.90917788474,0.00215012350323,-42.0768456801,-42.0768456801,-4.54747350886e-13,0
197,L,204,432,A,False,False,-1061.07295446,-1057.27488804,3.79806642002,-2.80233940492,-1.04333245087,1.75900695405,-42.0768456801,-42.0768456801,2.27373675443e-13,0
198,H,205,433,A,False,False,-1061.07295446,-1061.38148507,-0.308530606995,1.56204373499,0.813753810363,-0.748289924625,-42.0768456801,-42.0768456801,0.0,0
199,N,206,434,A,False,False,-1061.07295446,-1058.87483912,2.19811533999,-1.14686507622,0.975134644532,2.12199972076,-42.0768456801,-42.0768456801,-9.09494701773e-13,0
200,H,207,435,A,False,False,-1061.07295446,-1057.94469907,3.12825538822,-1.03058108533,-0.0521770890126,0.978403996318,-42.0768456801,-42.0757308271,0.00111485298225,-1
201,Y,208,436,A,False,False,-1061.07295446,-1057.51709817,3.55585628788,-0.277568596365,1.078089892,1.35565848837,-42.0768456801,-42.0768456801,1.13686837722e-12,-2
202,T,209,437,A,False,False,-1061.07295446,-1058.9550563,2.11789815836,-2.10504760508,-0.805700310039,1.29934729505,-42.0768456801,-42.0768456801,-6.8212102633e-13,0
203,Q,210,438,A,False,False,-1061.07295446,-1060.01758809,1.0553663656,-0.716584716987,-0.779363169466,-0.0627784524792,-42.0768456801,-42.0768456801,-4.54747350886e-13,-2
204,K,211,439,A,False,False,-1061.07295446,-1060.43563126,0.637323193999,-0.897797043725,-0.652060128687,0.245736915038,-42.0768456801,-42.0768456801,-2.27373675443e-13,0
205,S,212,440,A,False,False,-1061.07295446,-1060.06346141,1.00949305113,-1.32816585044,-0.297628993233,1.03053685721,-42.0768456801,-42.0768456801,-2.27373675443e-13,0
206,L,213,441,A,False,False,-1061.07295446,-1056.15904542,4.91390904016,-2.680333818,-0.199669817423,2.48066400057,-42.0768456801,-42.0768456801,9.09494701773e-13,0
207,S,214,442,A,False,False,-1061.07295446,-1060.20900327,0.86395119141,-0.983496705667,-0.0840557602917,0.899440945375,-42.0768456801,-42.0768456801,0.0,0
208,L,215,443,A,False,False,-1061.07295446,-1060.5620394,0.510915056065,-0.240792711211,-0.21006026296,0.0307324482517,-42.0768456801,-42.0768456801,-6.8212102633e-13,0
209,P,225,230,B,False,False,-1061.07295446,-1059.43751868,1.6354357733,-1.32031489536,0.110006547925,1.43032144328,-42.0768456801,-42.0765866571,0.000259022919636,0
210,A,226,231,B,False,False,-1061.07295446,-1061.07645346,-0.00349900554829,0.180367831339,0.180008195494,-0.000359635844694,-42.0768456801,-42.0766203992,0.00022528085151,0
211,P,227,232,B,True,True,-1061.07295446,-1057.93927599,3.13367847235,-2.45554015707,-0.126322805771,2.32921735129,-42.0768456801,-42.0765335225,0.00031215760589,0
212,E,228,233,B,False,True,-1061.07295446,-1061.03161701,0.0413374487532,-0.137287076419,-0.0518630832751,0.0854239931437,-42.0768456801,-42.0618170512,0.0150286288219,0
213,L,229,234,B,False,True,-1061.07295446,-1057.92606019,3.14689426619,-0.209356960958,1.17793992787,1.38729688883,-42.0768456801,-42.0768565858,-1.09057646114e-05,0
214,L,230,235,B,False,True,-1061.07295446,-1059.33461116,1.73834329464,-1.25737812878,-0.770350643805,0.487027484971,-42.0768456801,-40.5671183046,1.5097273755,0
215,G,231,236,B,False,True,-1061.07295446,-1055.83995388,5.23300057456,-1.11569011466,-0.0246592875726,1.09103082709,-42.0768456801,-39.145054426,2.93179125402,-2
216,G,232,237,B,False,True,-1061.07295446,-1046.02899529,15.0439591729,-1.21377692296,5.8682911538,7.08206807675,-42.0768456801,-40.5703865037,1.50645917639,0
217,P,233,238,B,False,True,-1061.07295446,-1057.5184839,3.55447055982,-3.8099990416,-1.23148899505,2.57851004655,-42.0768456801,-42.0772312962,-0.000385616100857,0
218,S,234,239,B,True,True,-1061.07295446,-1061.15726958,-0.0843151203462,-0.282556216829,-0.256810703646,0.0257455131836,-42.0768456801,-42.10710983,-0.0302641499763,0
219,V,235,240,B,False,False,-1061.07295446,-1056.9681288,4.10482565987,-3.23408939893,-0.609385491481,2.62470390745,-42.0768456801,-42.0748812757,0.00196440439777,0
220,F,236,241,B,True,False,-1061.07295446,-1057.82652389,3.24643057106,-1.60859538201,-0.378647328779,1.22994805323,-42.0768456801,-42.070638585,0.00620709503789,0
221,L,237,242,B,False,False,-1061.07295446,-1056.1983693,4.87458516167,-2.62719583589,-0.0439348581324,2.58326097776,-42.0768456801,-42.0778361409,-0.000990460850289,0
222,F,238,243,B,True,False,-1061.07295446,-1056.90209454,4.17085992267,-2.23023311901,-0.557096524469,1.67313659454,-42.0768456801,-42.0779906652,-0.00114498510629,0
223,P,239,244,B,True,False,-1061.07295446,-1058.82475047,2.24820398664,-1.4009014945,0.266764896446,1.66766639095,-42.0768456801,-42.0769556898,-0.000110009753712,0
224,P,240,245,B,True,False,-1061.07295446,-1057.02534412,4.04761033608,-3.4908786012,-0.970995597656,2.51988300354,-42.0768456801,-42.0780281273,-0.00118244723558,0
225,K,241,246,B,True,False,-1061.07295446,-1060.73393133,0.339023124309,-0.0840772029601,0.0702422143083,0.154319417268,-42.0768456801,-42.0750275335,0.00181814655139,0
226,P,242,247,B,False,False,-1061.07295446,-1059.47466301,1.5982914448,-1.6364437374,-0.464810466236,1.17163327116,-42.0768456801,-42.07491967,0.00192601005938,0
227,K,243,248,B,True,False,-1061.07295446,-1058.09760099,2.97535346485,-2.6788845961,-1.28095641726,1.39792817883,-42.0768456801,-42.074203633,0.00264204704104,-1
228,D,244,249,B,True,False,-1061.07295446,-1058.98154641,2.09140805201,-3.17480616628,-1.96068369534,1.21412247094,-42.0768456801,-42.0768131633,3.25167377468e-05,-2
229,T,245,250,B,False,False,-1061.07295446,-1059.76341333,1.30954112702,-2.33278804959,-1.26467902779,1.0681090218,-42.0768456801,-42.0775977037,-0.000752023612904,-1
230,L,246,251,B,False,False,-1061.07295446,-1057.54149672,3.53145774116,-3.55006409233,-1.80426326038,1.74580083195,-42.0768456801,-42.0748951395,0.0019505405694,0
231,M,247,252,B,False,False,-1061.07295446,-1060.20138247,0.871571983769,-0.119478561885,0.175767512818,0.295246074703,-42.0768456801,-42.0719681328,0.00487754730875,0
232,I,248,253,B,False,False,-1061.07295446,-1061.82183605,-0.748881590378,1.41891790146,0.132710042592,-1.28620785887,-42.0768456801,-42.0739985851,0.00284709492303,0
233,S,249,254,B,False,False,-1061.07295446,-1060.83206064,0.240893813972,-0.355541729502,0.0889738583387,0.44451558784,-42.0768456801,-42.0764103635,0.000435316546827,0
234,R,250,255,B,True,False,-1061.07295446,-1058.63787656,2.43507789837,-1.09430599921,-0.291715568609,0.802590430602,-42.0768456801,-42.074257498,0.00258818206089,-2
235,T,251,256,B,True,False,-1061.07295446,-1059.37445247,1.6985019897,-0.0347047433007,1.40970274732,1.44440749062,-42.0768456801,-42.0770411621,-0.000195482041136,0
236,P,252,257,B,True,False,-1061.07295446,-1057.64471898,3.42823547874,-3.5252117797,-1.44733923368,2.07787254602,-42.0768456801,-42.0786487837,-0.00180310368842,0
237,E,253,258,B,True,False,-1061.07295446,-1060.5078103,0.565144161471,-1.01110444586,-1.11122068888,-0.100116243026,-42.0768456801,-42.0785417245,-0.00169604443045,-1
238,V,254,259,B,True,False,-1061.07295446,-1057.29936636,3.77358810134,-2.87663394363,-0.567102837294,2.30953110634,-42.0768456801,-42.0789724874,-0.00212680738196,0
239,T,255,260,B,True,False,-1061.07295446,-1059.55600201,1.51695244736,-2.67355267705,-1.12561278884,1.54793988821,-42.0768456801,-42.0785909224,-0.00174524237843,0
240,V,257,262,B,True,False,-1061.07295446,-1057.71423262,3.35872183545,-3.13868102499,-0.880435314694,2.2582457103,-42.0768456801,-42.0777578969,-0.000912216795314,0
241,V,258,263,B,False,False,-1061.07295446,-1056.93124367,4.14171078808,-3.49487517983,-0.803418686091,2.69145649374,-42.0768456801,-42.0776358354,-0.000790155369714,0
242,V,259,264,B,True,False,-1061.07295446,-1058.42613563,2.64681883214,-1.95216538233,-0.415290524969,1.53687485737,-42.0768456801,-42.0773001184,-0.000454438364727,0
243,D,260,265,B,True,True,-1061.07295446,-1059.68269394,1.39026051932,-1.49534555136,-0.238310839962,1.2570347114,-42.0768456801,-42.0217220784,0.0551236016727,-1
244,V,261,266,B,False,False,-1061.07295446,-1057.64657735,3.42637710417,-2.5846461562,-0.661375320706,1.92327083549,-42.0768456801,-42.077209468,-0.00036378793834,0
245,S,262,267,B,False,False,-1061.07295446,-1059.76256086,1.3103935972,-2.13817227123,-1.07870422334,1.05946804789,-42.0768456801,-42.0773713465,-0.000525666453314,-1
246,H,263,268,B,False,False,-1061.07295446,-1061.62588598,-0.552931523981,1.28463674522,-0.24222593025,-1.52686267547,-42.0768456801,-42.0777762839,-0.000930603882125,0
247,E,264,269,B,False,False,-1061.07295446,-1060.75682166,0.31613279592,-0.0606825694202,0.245845279863,0.306527849283,-42.0768456801,-42.0774814276,-0.000635747567003,0
248,D,265,270,B,False,False,-1061.07295446,-1062.36076702,-1.28781256534,0.295496532886,-0.824660339559,-1.12015687244,-42.0768456801,-42.0775858942,-0.00074021417845,0
249,P,266,271,B,False,False,-1061.07295446,-1059.10161478,1.97133968152,-1.8890944686,-0.638896454811,1.25019801379,-42.0768456801,-42.0776052082,-0.000759528181106,0
250,E,267,272,B,False,False,-1061.07295446,-1059.68971738,1.38323707835,-0.32902647999,0.597592332275,0.926618812266,-42.0768456801,-42.0778094673,-0.000963787271075,0
251,V,268,273,B,False,False,-1061.07295446,-1056.71895386,4.35400060258,-2.7326917447,0.0301794006672,2.76287114537,-42.0768456801,-42.0779516209,-0.00110594081434,0
252,K,269,274,B,False,False,-1061.07295446,-1060.03046495,1.04248950801,-1.38709498569,-0.591424940203,0.795670045488,-42.0768456801,-42.0781914923,-0.00134581223597,0
253,F,270,275,B,False,False,-1061.07295446,-1055.15584675,5.91710770804,-1.60466993444,0.984760986956,2.5894309214,-42.0768456801,-42.0785378372,-0.00169215710253,0
254,N,271,276,B,False,False,-1061.07295446,-1060.96161407,0.111340392381,0.158500378956,-0.246108601355,-0.404608980311,-42.0768456801,-42.0784325213,-0.00158684122971,-1
255,W,272,277,B,False,False,-1061.07295446,-1052.26421285,8.80874160816,-4.50892090257,-0.960461622219,3.54845928035,-42.0768456801,-42.0794692177,-0.00262353763878,-1
256,Y,273,278,B,False,False,-1061.07295446,-1057.01992283,4.05303162611,-2.58418236936,-0.797445744861,1.7867366245,-42.0768456801,-42.0785921737,-0.00174649364612,0
257,V,274,279,B,False,False,-1061.07295446,-1058.41108413,2.66187033135,-1.42177207574,0.460597276561,1.8823693523,-42.0768456801,-42.0790711787,-0.00222549865794,0
258,D,275,280,B,False,False,-1061.07295446,-1058.15500565,2.91794880627,-1.70964406999,0.36706711577,2.07671118576,-42.0768456801,-42.0791144007,-0.00226872066492,-1
259,G,276,281,B,False,False,-1061.07295446,-1046.54416169,14.5287927685,-1.70612313506,7.84436637124,9.5504895063,-42.0768456801,-42.0788807552,-0.0020350751181,0
260,V,277,282,B,False,False,-1061.07295446,-1059.84093654,1.232017923,-1.1602036861,-0.133956521351,1.02624716475,-42.0768456801,-42.0788114899,-0.00196580982038,0
261,E,278,283,B,False,False,-1061.07295446,-1058.5860128,2.48694165977,-2.25631009717,-0.773770885661,1.48253921151,-42.0768456801,-42.0789326162,-0.0020869360992,-1
262,V,279,284,B,False,False,-1061.07295446,-1058.50565702,2.56729744156,-1.97282654686,-0.467252869025,1.50557367784,-42.0768456801,-42.0786660804,-0.00182040036998,0
263,H,280,285,B,False,False,-1061.07295446,-1059.89671063,1.17624382566,0.965283941374,1.2070666264,0.241782685025,-42.0768456801,-42.0780885967,-0.00124291666316,0
264,N,281,286,B,False,False,-1061.07295446,-1059.69949644,1.37345801521,-0.545797702674,0.77491814626,1.32071584893,-42.0768456801,-42.0786733238,-0.0018276437645,0
265,A,282,287,B,False,False,-1061.07295446,-1061.11365234,-0.0406978788992,-0.444237664033,-0.460614104983,-0.0163764409501,-42.0768456801,-42.0785866471,-0.00174096706633,0
266,K,283,288,B,False,False,-1061.07295446,-1060.49396682,0.578987636924,-0.0386165459925,0.450267787697,0.48888433369,-42.0768456801,-42.0780885294,-0.0012428492962,0
267,T,284,289,B,False,False,-1061.07295446,-1059.50087926,1.57207520217,-0.796532436229,0.603272290023,1.39980472625,-42.0768456801,-42.078220262,-0.00137458196787,0
268,K,285,290,B,False,False,-1061.07295446,-1060.38485599,0.688098465585,-0.836979580333,-0.341813906963,0.495165673369,-42.0768456801,-42.0779604314,-0.00111475136646,0
269,P,286,291,B,False,False,-1061.07295446,-1059.45207695,1.62087751071,-1.32481983184,0.182512272537,1.50733210438,-42.0768456801,-42.0776853706,-0.000839690571638,0
270,R,287,292,B,False,False,-1061.07295446,-1061.65484258,-0.581888119966,0.571732945011,-0.810996954017,-1.38272989903,-42.0768456801,-42.0776042271,-0.000758547020268,0
271,E,288,293,B,False,False,-1061.07295446,-1057.30384078,3.76911367666,-2.03594566859,-0.175071305654,1.86087436294,-42.0768456801,-42.0771846816,-0.000339001577004,-2
272,E,289,294,B,False,False,-1061.07295446,-1060.32120429,0.751750164218,-0.848649625599,-0.327830542295,0.520819083304,-42.0768456801,-42.0770563256,-0.000210645521292,0
273,Q,290,295,B,True,False,-1061.07295446,-1057.87137589,3.20157856719,-2.2033932824,-0.180201151211,2.02319213119,-42.0768456801,-42.0768486263,-2.94623055197e-06,-2
274,Y,291,296,B,True,False,-1061.07295446,-1062.22126288,-1.14830842045,1.8710450468,0.463452715676,-1.40759233113,-42.0768456801,-42.0767043907,0.000141289404382,0
275,S,293,298,B,False,False,-1061.07295446,-1060.90731667,0.165637784247,0.503407078664,1.18038091797,0.676973839303,-42.0768456801,-42.0766831801,0.000162499995895,-1
276,T,294,299,B,True,False,-1061.07295446,-1058.07916695,2.99378751207,-3.03620497919,-0.62111620013,2.41508877906,-42.0768456801,-42.0767675899,7.80901600592e-05,-1
277,Y,295,300,B,False,False,-1061.07295446,-1056.71245213,4.36050232943,-2.80309305371,-0.996913588878,1.80617946483,-42.0768456801,-42.0770119461,-0.000166266053157,0
278,R,296,301,B,True,False,-1061.07295446,-1058.45480347,2.61815099197,-1.3021335451,-0.384929214682,0.91720433042,-42.0768456801,-42.0772340704,-0.000388390352327,-1
279,V,297,302,B,False,False,-1061.07295446,-1058.00683648,3.06611797364,-2.5761212314,-0.515387735792,2.06073349561,-42.0768456801,-42.0779385884,-0.00109290834757,0
280,V,298,303,B,False,False,-1061.07295446,-1057.99927506,3.07367939872,-2.63807325871,-0.620000675821,2.01807258289,-42.0768456801,-42.0781156832,-0.00127000310681,0
281,S,299,304,B,False,False,-1061.07295446,-1060.02542483,1.04752963073,-2.24506828281,-1.5322013936,0.712866889214,-42.0768456801,-42.0783111625,-0.00146548246107,-1
282,V,300,305,B,True,False,-1061.07295446,-1058.54289948,2.53005497622,-2.15591622782,-0.278346072166,1.87757015566,-42.0768456801,-42.0782797057,-0.00143402561207,0
283,L,301,306,B,False,False,-1061.07295446,-1056.14915537,4.92379908984,-4.10803841314,-1.43483260311,2.67320581003,-42.0768456801,-42.0785761917,-0.00173051164552,0
284,T,302,307,B,False,False,-1061.07295446,-1058.96931137,2.1036430907,-1.29044804385,0.0457719606018,1.33622000445,-42.0768456801,-42.0786638846,-0.0018182045651,-1
285,V,303,308,B,False,False,-1061.07295446,-1057.50991916,3.56303529869,-2.13627345163,-0.0475597998631,2.08871365177,-42.0768456801,-42.0793790769,-0.00253339683945,0
286,L,304,309,B,False,False,-1061.07295446,-1060.60937835,0.463576107051,-0.452138225171,0.00441016521583,0.456548390387,-42.0768456801,-42.0806104446,-0.00376476451447,0
287,H,305,310,B,False,False,-1061.07295446,-1059.75419116,1.31876330114,0.314474865673,-0.401085931955,-0.715560797628,-42.0768456801,-42.0807662021,-0.00392052203665,-2
288,Q,306,311,B,False,False,-1061.07295446,-1061.29321196,-0.220257504398,-0.334350951442,-0.545650507621,-0.211299556179,-42.0768456801,-42.0807724928,-0.00392681278845,0
289,D,307,312,B,False,False,-1061.07295446,-1058.98215791,2.09079654319,-2.05487185331,-0.775287372895,1.27958448041,-42.0768456801,-42.0807973528,-0.00395167273678,-1
290,W,308,313,B,False,False,-1061.07295446,-1055.58841143,5.48454302439,-2.3060878471,-0.955347923841,1.35073992326,-42.0768456801,-42.0805607495,-0.00371506944953,0
291,L,309,314,B,False,False,-1061.07295446,-1059.47094481,1.60200965107,-2.00429468791,-1.3576576593,0.646637028604,-42.0768456801,-42.0803782478,-0.00353256769495,0
292,N,310,315,B,False,False,-1061.07295446,-1060.82043169,0.252522772056,-0.760677994668,-0.28315571381,0.477522280858,-42.0768456801,-42.0803573234,-0.00351164336666,0
293,G,311,316,B,False,False,-1061.07295446,-1055.6086729,5.46428155389,-1.71490834878,2.81015152708,4.52505987586,-42.0768456801,-42.0809970124,-0.00415133238334,0
294,K,312,317,B,False,False,-1061.07295446,-1058.81979513,2.25315932434,-1.82380099222,-0.769543320602,1.05425767162,-42.0768456801,-42.0801451607,-0.00329948060676,-1
295,E,313,318,B,False,False,-1061.07295446,-1060.67407048,0.398883982351,-1.09974023016,-1.1537383403,-0.0539981101373,-42.0768456801,-42.0797203482,-0.00287466809368,0
296,Y,314,319,B,False,False,-1061.07295446,-1056.55461099,4.51834346496,-2.4783041463,-0.439638489261,2.03866565704,-42.0768456801,-42.0785316442,-0.00168596412686,0
297,K,315,320,B,False,False,-1061.07295446,-1057.51503996,3.55791450066,-2.05204868657,-0.660726573393,1.39132211318,-42.0768456801,-42.0784958327,-0.00165015260563,-1
298,K,317,322,B,False,False,-1061.07295446,-1059.12923807,1.94371638376,-1.42053726096,-0.215100097702,1.20543716326,-42.0768456801,-42.0782372708,-0.0013915907,0
299,V,318,323,B,False,False,-1061.07295446,-1057.24236162,3.83059283458,-3.02346797229,-0.441929053866,2.58153891842,-42.0768456801,-42.0774344967,-0.000588816632444,0
300,S,319,324,B,False,False,-1061.07295446,-1061.05721273,0.0157417262142,-1.02103128902,-0.944083264643,0.0769480243819,-42.0768456801,-42.0775811993,-0.000735519194222,0
301,N,320,325,B,False,False,-1061.07295446,-1059.41471041,1.65824404555,-0.952669775673,-0.669996896375,0.282672879298,-42.0768456801,-41.9820869033,0.0947587768032,-2
302,K,321,326,B,False,False,-1061.07295446,-1060.60920803,0.463746430004,-0.0964486135202,0.194852147102,0.291300760622,-42.0768456801,-42.0777266921,-0.000881012030504,0
303,A,322,327,B,False,True,-1061.07295446,-1061.08135475,-0.00840028867356,-1.26307679705,-1.26591323783,-0.00283644077271,-42.0768456801,-42.0805953346,-0.00374965455035,0
304,L,323,328,B,False,True,-1061.07295446,-1057.00282172,4.07013273684,-2.30007884967,-0.115100762516,2.18497808715,-42.0768456801,-42.1872275878,-0.110381907751,0
305,P,324,329,B,False,True,-1061.07295446,-1056.6542307,4.41872376129,-3.76280577125,-1.30029461612,2.46251115513,-42.0768456801,-39.2083085039,2.86853717615,0
306,A,325,330,B,False,True,-1061.07295446,-1061.07966205,-0.0067075905406,-0.104852969236,-0.106826897847,-0.00197392861068,-42.0768456801,-42.0764872382,0.000358441852541,0
307,P,326,331,B,False,False,-1061.07295446,-1059.19727004,1.87568441914,-2.33082347861,-0.632759252097,1.69806422651,-42.0768456801,-42.0771736222,-0.000327942143031,0
308,I,327,332,B,False,False,-1061.07295446,-1058.87687466,2.19607979933,-1.71733672023,-0.42552454476,1.29181217547,-42.0768456801,-42.4810306011,-0.404184921005,0
309,E,328,333,B,False,False,-1061.07295446,-1057.45854687,3.61440758971,-1.65028423899,0.448592211902,2.09887645089,-42.0768456801,-42.0772769074,-0.000431227303125,-1
310,K,329,334,B,False,False,-1061.07295446,-1060.05055537,1.02239909063,-1.23169537805,-0.80621312869,0.425482249361,-42.0768456801,-42.077888491,-0.00104281095469,0
311,T,330,335,B,False,False,-1061.07295446,-1059.83946363,1.23349082409,-1.32577792312,0.275665005561,1.60144292868,-42.0768456801,-42.0781426967,-0.00129701659898,0
312,I,331,336,B,True,False,-1061.07295446,-1058.58414667,2.48880778917,-1.57000950666,-1.02127780444,0.548731702213,-42.0768456801,-42.0785906679,-0.00174498782667,0
313,S,332,337,B,False,False,-1061.07295446,-1060.20822039,0.864734063903,-1.55560838107,-0.505567689965,1.0500406911,-42.0768456801,-42.0799582336,-0.00311255351903,0
314,K,333,338,B,False,False,-1061.07295446,-1057.8744148,3.19853965822,-1.38092292147,-0.86395349422,0.516969427248,-42.0768456801,-42.0794322689,-0.00258658879761,-2
315,A,334,339,B,False,False,-1061.07295446,-1061.08836854,-0.0154140820953,-0.0734046419946,-0.0778198949331,-0.00441525293852,-42.0768456801,-42.0768456801,0.0,0
316,K,335,340,B,False,False,-1061.07295446,-1060.2925708,0.780383656046,-0.539913828473,0.143119259192,0.683033087665,-42.0768456801,-42.0768456801,-1.13686837722e-12,0
317,G,336,341,B,False,False,-1061.07295446,-1040.47489512,20.5980593363,-1.04957695603,8.23670423821,9.28628119424,-42.0768456801,-42.0768456801,-1.02318153949e-12,-1
318,Q,337,342,B,False,False,-1061.07295446,-1059.03342285,2.03953160594,-0.330546180249,0.836645664514,1.16719184476,-42.0768456801,-42.0768456801,-2.27373675443e-13,-1
319,P,338,343,B,False,False,-1061.07295446,-1059.42743235,1.64552211159,-2.78126995949,-1.37755435381,1.40371560568,-42.0768456801,-42.0768456801,-9.09494701773e-13,0
320,R,339,344,B,False,False,-1061.07295446,-1059.93822756,1.13472690094,-0.977395849872,-0.593336509824,0.384059340048,-42.0768456801,-42.0768456801,2.27373675443e-13,-1
321,E,340,345,B,False,False,-1061.07295446,-1059.73022486,1.34272959434,-0.880310418286,0.0300303189946,0.910340737281,-42.0768456801,-42.0768456801,2.27373675443e-13,0
322,P,341,346,B,False,False,-1061.07295446,-1056.28969674,4.78325771704,-4.06098253937,-1.21291125802,2.84807128135,-42.0768456801,-42.0768456801,-1.5916157281e-12,0
